--
-- PostgreSQL database dump
--

\restrict n69lGO8aXBMH5P542c0dkCLOnmDvvsFKcgfWqcKwsK2Q2T0TErxDCZmlZXgpjyC

-- Dumped from database version 17.9 (Debian 17.9-1.pgdg13+1)
-- Dumped by pg_dump version 17.9 (Debian 17.9-1.pgdg13+1)

SET statement_timeout = 0;
SET lock_timeout = 0;
SET idle_in_transaction_session_timeout = 0;
SET transaction_timeout = 0;
SET client_encoding = 'UTF8';
SET standard_conforming_strings = on;
SELECT pg_catalog.set_config('search_path', '', false);
SET check_function_bodies = false;
SET xmloption = content;
SET client_min_messages = warning;
SET row_security = off;

ALTER TABLE ONLY public.station DROP CONSTRAINT station_line_id_fkey;
ALTER TABLE ONLY public.station_connection DROP CONSTRAINT station_connection_target_station_id_fkey;
ALTER TABLE ONLY public.station_connection DROP CONSTRAINT station_connection_source_station_id_fkey;
ALTER TABLE ONLY public.line DROP CONSTRAINT operator;
ALTER TABLE ONLY public.distance_fare DROP CONSTRAINT distance_fare_target_station_id_fkey;
ALTER TABLE ONLY public.distance_fare DROP CONSTRAINT distance_fare_source_station_id_fkey;
ALTER TABLE ONLY public.station DROP CONSTRAINT station_pkey;
ALTER TABLE ONLY public.station_connection DROP CONSTRAINT station_connection_pkey;
ALTER TABLE ONLY public.line DROP CONSTRAINT line_pkey;
ALTER TABLE ONLY public.hop_fare DROP CONSTRAINT hop_fare_pkey;
ALTER TABLE ONLY public.distance_fare DROP CONSTRAINT distance_fare_pkey;
DROP TABLE public.station_connection;
DROP TABLE public.station;
DROP TABLE public.line;
DROP TABLE public.hop_fare;
DROP TABLE public.distance_fare;
SET default_tablespace = '';

SET default_table_access_method = heap;

--
-- Name: distance_fare; Type: TABLE; Schema: public; Owner: postgres
--

CREATE TABLE public.distance_fare (
    source_station_id character varying(50) NOT NULL,
    target_station_id character varying(50) NOT NULL,
    fare integer NOT NULL
);


ALTER TABLE public.distance_fare OWNER TO postgres;

--
-- Name: hop_fare; Type: TABLE; Schema: public; Owner: postgres
--

CREATE TABLE public.hop_fare (
    operator character varying(50) NOT NULL,
    fare_array jsonb NOT NULL
);


ALTER TABLE public.hop_fare OWNER TO postgres;

--
-- Name: line; Type: TABLE; Schema: public; Owner: postgres
--

CREATE TABLE public.line (
    line_id character varying(15) NOT NULL,
    th_name character varying(100) NOT NULL,
    th_name_alt character varying(100),
    en_name character varying(100) NOT NULL,
    en_name_alt character varying(100),
    color character varying(7) NOT NULL,
    operator character varying(50) NOT NULL
);


ALTER TABLE public.line OWNER TO postgres;

--
-- Name: station; Type: TABLE; Schema: public; Owner: postgres
--

CREATE TABLE public.station (
    station_id character varying(50) NOT NULL,
    line_id character varying(10),
    th_name character varying(100) NOT NULL,
    en_name character varying(100) NOT NULL,
    is_available boolean DEFAULT true NOT NULL,
    display_id character varying(50)
);


ALTER TABLE public.station OWNER TO postgres;

--
-- Name: station_connection; Type: TABLE; Schema: public; Owner: postgres
--

CREATE TABLE public.station_connection (
    source_station_id character varying(50) NOT NULL,
    target_station_id character varying(50) NOT NULL,
    travel_time_mins integer NOT NULL,
    is_transfer boolean DEFAULT false,
    is_cross_operator boolean DEFAULT false
);


ALTER TABLE public.station_connection OWNER TO postgres;

--
-- Data for Name: distance_fare; Type: TABLE DATA; Schema: public; Owner: postgres
--

COPY public.distance_fare (source_station_id, target_station_id, fare) FROM stdin;
PK01	PK01	15
PK01	PK02	18
PK01	PK03	23
PK01	PK04	28
PK01	PK05	30
PK01	PK06	34
PK01	PK07	37
PK01	PK08	41
PK01	PK09	44
PK01	PK10_U	45
PK01	PK10_L	45
PK01	MT01	45
PK01	MT02	45
PK01	PK11	45
PK01	PK12	45
PK01	PK13	45
PK01	PK14	45
PK01	PK15	45
PK01	PK16	45
PK01	PK17	45
PK01	PK18	45
PK01	PK19	45
PK01	PK20	45
PK01	PK21	45
PK01	PK22	45
PK01	PK23	45
PK01	PK24	45
PK01	PK25	45
PK01	PK26	45
PK01	PK27	45
PK01	PK28	45
PK01	PK29	45
PK01	PK30	45
PK02	PK01	18
PK02	PK02	15
PK02	PK03	19
PK02	PK04	25
PK02	PK05	28
PK02	PK06	30
PK02	PK07	34
PK02	PK08	38
PK02	PK09	41
PK02	PK10_U	44
PK02	PK10_L	44
PK02	MT01	45
PK02	MT02	45
PK02	PK11	45
PK02	PK12	45
PK02	PK13	45
PK02	PK14	45
PK02	PK15	45
PK02	PK16	45
PK02	PK17	45
PK02	PK18	45
PK02	PK19	45
PK02	PK20	45
PK02	PK21	45
PK02	PK22	45
PK02	PK23	45
PK02	PK24	45
PK02	PK25	45
PK02	PK26	45
PK02	PK27	45
PK02	PK28	45
PK02	PK29	45
PK02	PK30	45
PK03	PK01	23
PK03	PK02	19
PK03	PK03	15
PK03	PK04	21
PK03	PK05	24
PK03	PK06	26
PK03	PK07	29
PK03	PK08	34
PK03	PK09	38
PK03	PK10_U	40
PK03	PK10_L	40
PK03	MT01	45
PK03	MT02	45
PK03	PK11	44
PK03	PK12	45
PK03	PK13	45
PK03	PK14	45
PK03	PK15	45
PK03	PK16	45
PK03	PK17	45
PK03	PK18	45
PK03	PK19	45
PK03	PK20	45
PK03	PK21	45
PK03	PK22	45
PK03	PK23	45
PK03	PK24	45
PK03	PK25	45
PK03	PK26	45
PK03	PK27	45
PK03	PK28	45
PK03	PK29	45
PK03	PK30	45
PK04	PK01	28
PK04	PK02	25
PK04	PK03	21
PK04	PK04	15
PK04	PK05	18
PK04	PK06	22
PK04	PK07	25
PK04	PK08	29
PK04	PK09	32
PK04	PK10_U	36
PK04	PK10_L	36
PK04	MT01	40
PK04	MT02	43
PK04	PK11	39
PK04	PK12	41
PK04	PK13	44
PK04	PK14	45
PK04	PK15	45
PK04	PK16	45
PK04	PK17	45
PK04	PK18	45
PK04	PK19	45
PK04	PK20	45
PK04	PK21	45
PK04	PK22	45
PK04	PK23	45
PK04	PK24	45
PK04	PK25	45
PK04	PK26	45
PK04	PK27	45
PK04	PK28	45
PK04	PK29	45
PK04	PK30	45
PK05	PK01	30
PK05	PK02	28
PK05	PK03	24
PK05	PK04	18
PK05	PK05	15
PK05	PK06	18
PK05	PK07	22
PK05	PK08	26
PK05	PK09	29
PK05	PK10_U	32
PK05	PK10_L	32
PK05	MT01	38
PK05	MT02	40
PK05	PK11	36
PK05	PK12	39
PK05	PK13	41
PK05	PK14	43
PK05	PK15	45
PK05	PK16	45
PK05	PK17	45
PK05	PK18	45
PK05	PK19	45
PK05	PK20	45
PK05	PK21	45
PK05	PK22	45
PK05	PK23	45
PK05	PK24	45
PK05	PK25	45
PK05	PK26	45
PK05	PK27	45
PK05	PK28	45
PK05	PK29	45
PK05	PK30	45
PK06	PK01	34
PK06	PK02	30
PK06	PK03	26
PK06	PK04	22
PK06	PK05	18
PK06	PK06	15
PK06	PK07	18
PK06	PK08	23
PK06	PK09	27
PK06	PK10_U	29
PK06	PK10_L	29
PK06	MT01	35
PK06	MT02	37
PK06	PK11	34
PK06	PK12	36
PK06	PK13	39
PK06	PK14	41
PK06	PK15	43
PK06	PK16	45
PK06	PK17	45
PK06	PK18	45
PK06	PK19	45
PK06	PK20	45
PK06	PK21	45
PK06	PK22	45
PK06	PK23	45
PK06	PK24	45
PK06	PK25	45
PK06	PK26	45
PK06	PK27	45
PK06	PK28	45
PK06	PK29	45
PK06	PK30	45
PK07	PK01	37
PK07	PK02	34
PK07	PK03	29
PK07	PK04	25
PK07	PK05	22
PK07	PK06	18
PK07	PK07	15
PK07	PK08	19
PK07	PK09	24
PK07	PK10_U	26
PK07	PK10_L	26
PK07	MT01	31
PK07	MT02	34
PK07	PK11	30
PK07	PK12	32
PK07	PK13	36
PK07	PK14	38
PK07	PK15	40
PK07	PK16	43
PK07	PK17	45
PK07	PK18	45
PK07	PK19	45
PK07	PK20	45
PK07	PK21	45
PK07	PK22	45
PK07	PK23	45
PK07	PK24	45
PK07	PK25	45
PK07	PK26	45
PK07	PK27	45
PK07	PK28	45
PK07	PK29	45
PK07	PK30	45
PK08	PK01	41
PK08	PK02	38
PK08	PK03	34
PK08	PK04	29
PK08	PK05	26
PK08	PK06	23
PK08	PK07	19
PK08	PK08	15
PK08	PK09	19
PK08	PK10_U	23
PK08	PK10_L	23
PK08	MT01	27
PK08	MT02	29
PK08	PK11	26
PK08	PK12	28
PK08	PK13	31
PK08	PK14	34
PK08	PK15	36
PK08	PK16	39
PK08	PK17	41
PK08	PK18	43
PK08	PK19	45
PK08	PK20	45
PK08	PK21	45
PK08	PK22	45
PK08	PK23	45
PK08	PK24	45
PK08	PK25	45
PK08	PK26	45
PK08	PK27	45
PK08	PK28	45
PK08	PK29	45
PK08	PK30	45
PK09	PK01	44
PK09	PK02	41
PK09	PK03	38
PK09	PK04	32
PK09	PK05	29
PK09	PK06	27
PK09	PK07	24
PK09	PK08	19
PK09	PK09	15
PK09	PK10_U	18
PK09	PK10_L	18
PK09	MT01	24
PK09	MT02	26
PK09	PK11	23
PK09	PK12	25
PK09	PK13	28
PK09	PK14	30
PK09	PK15	32
PK09	PK16	36
PK09	PK17	38
PK09	PK18	40
PK09	PK19	42
PK09	PK20	44
PK09	PK21	45
PK09	PK22	45
PK09	PK23	45
PK09	PK24	45
PK09	PK25	45
PK09	PK26	45
PK09	PK27	45
PK09	PK28	45
PK09	PK29	45
PK09	PK30	45
PK10_U	PK01	45
PK10_U	PK02	44
PK10_U	PK03	40
PK10_U	PK04	36
PK10_U	PK05	32
PK10_U	PK06	29
PK10_U	PK07	26
PK10_U	PK08	23
PK10_U	PK09	18
PK10_U	PK10_U	15
PK10_U	PK10_L	15
PK10_U	MT01	21
PK10_U	MT02	23
PK10_U	PK11	19
PK10_U	PK12	22
PK10_U	PK13	25
PK10_U	PK14	27
PK10_U	PK15	29
PK10_U	PK16	32
PK10_U	PK17	35
PK10_U	PK18	44
PK10_U	PK19	45
PK10_U	PK20	45
PK10_U	PK21	45
PK10_U	PK22	45
PK10_U	PK23	45
PK10_U	PK24	45
PK10_U	PK25	45
PK10_U	PK26	45
PK10_U	PK27	45
PK10_U	PK28	45
PK10_U	PK29	45
PK10_U	PK30	45
PK10_L	PK01	45
PK10_L	PK02	44
PK10_L	PK03	40
PK10_L	PK04	36
PK10_L	PK05	32
PK10_L	PK06	29
PK10_L	PK07	26
PK10_L	PK08	23
PK10_L	PK09	18
PK10_L	PK10_U	15
PK10_L	PK10_L	15
PK10_L	MT01	21
PK10_L	MT02	23
PK10_L	PK11	19
PK10_L	PK12	22
PK10_L	PK13	25
PK10_L	PK14	27
PK10_L	PK15	29
PK10_L	PK16	32
PK10_L	PK17	35
PK10_L	PK18	44
PK10_L	PK19	45
PK10_L	PK20	45
PK10_L	PK21	45
PK10_L	PK22	45
PK10_L	PK23	45
PK10_L	PK24	45
PK10_L	PK25	45
PK10_L	PK26	45
PK10_L	PK27	45
PK10_L	PK28	45
PK10_L	PK29	45
PK10_L	PK30	45
MT01	PK01	45
MT01	PK02	45
MT01	PK03	45
MT01	PK04	40
MT01	PK05	38
MT01	PK06	35
MT01	PK07	31
MT01	PK08	27
MT01	PK09	24
MT01	PK10_U	21
MT01	PK10_L	21
MT01	MT01	15
MT01	MT02	18
MT01	PK11	25
MT01	PK12	27
MT01	PK13	29
MT01	PK14	32
MT01	PK15	35
MT01	PK16	38
MT01	PK17	39
MT01	PK18	45
MT01	PK19	45
MT01	PK20	45
MT01	PK21	45
MT01	PK22	45
MT01	PK23	45
MT01	PK24	45
MT01	PK25	45
MT01	PK26	45
MT01	PK27	45
MT01	PK28	45
MT01	PK29	45
MT01	PK30	45
MT02	PK01	45
MT02	PK02	45
MT02	PK03	45
MT02	PK04	43
MT02	PK05	40
MT02	PK06	37
MT02	PK07	34
MT02	PK08	29
MT02	PK09	26
MT02	PK10_U	23
MT02	PK10_L	23
MT02	MT01	18
MT02	MT02	15
MT02	PK11	27
MT02	PK12	29
MT02	PK13	32
MT02	PK14	35
MT02	PK15	37
MT02	PK16	40
MT02	PK17	42
MT02	PK18	45
MT02	PK19	45
MT02	PK20	45
MT02	PK21	45
MT02	PK22	45
MT02	PK23	45
MT02	PK24	45
MT02	PK25	45
MT02	PK26	45
MT02	PK27	45
MT02	PK28	45
MT02	PK29	45
MT02	PK30	45
PK11	PK01	45
PK11	PK02	45
PK11	PK03	44
PK11	PK04	39
PK11	PK05	36
PK11	PK06	34
PK11	PK07	30
PK11	PK08	26
PK11	PK09	23
PK11	PK10_U	19
PK11	PK10_L	19
PK11	MT01	25
PK11	MT02	27
PK11	PK11	15
PK11	PK12	18
PK11	PK13	21
PK11	PK14	23
PK11	PK15	26
PK11	PK16	28
PK11	PK17	30
PK11	PK18	36
PK11	PK19	39
PK11	PK20	41
PK11	PK21	44
PK11	PK22	45
PK11	PK23	45
PK11	PK24	45
PK11	PK25	45
PK11	PK26	45
PK11	PK27	45
PK11	PK28	45
PK11	PK29	45
PK11	PK30	45
PK12	PK01	45
PK12	PK02	45
PK12	PK03	45
PK12	PK04	41
PK12	PK05	39
PK12	PK06	36
PK12	PK07	32
PK12	PK08	28
PK12	PK09	25
PK12	PK10_U	22
PK12	PK10_L	22
PK12	MT01	27
PK12	MT02	29
PK12	PK11	18
PK12	PK12	15
PK12	PK13	18
PK12	PK14	21
PK12	PK15	23
PK12	PK16	26
PK12	PK17	28
PK12	PK18	34
PK12	PK19	37
PK12	PK20	39
PK12	PK21	42
PK12	PK22	44
PK12	PK23	45
PK12	PK24	45
PK12	PK25	45
PK12	PK26	45
PK12	PK27	45
PK12	PK28	45
PK12	PK29	45
PK12	PK30	45
PK13	PK01	45
PK13	PK02	45
PK13	PK03	45
PK13	PK04	44
PK13	PK05	41
PK13	PK06	39
PK13	PK07	36
PK13	PK08	31
PK13	PK09	28
PK13	PK10_U	25
PK13	PK10_L	25
PK13	MT01	29
PK13	MT02	32
PK13	PK11	21
PK13	PK12	18
PK13	PK13	15
PK13	PK14	18
PK13	PK15	21
PK13	PK16	24
PK13	PK17	26
PK13	PK18	30
PK13	PK19	34
PK13	PK20	36
PK13	PK21	40
PK13	PK22	42
PK13	PK23	45
PK13	PK24	45
PK13	PK25	45
PK13	PK26	45
PK13	PK27	45
PK13	PK28	45
PK13	PK29	45
PK13	PK30	45
PK14	PK01	45
PK14	PK02	45
PK14	PK03	45
PK14	PK04	45
PK14	PK05	43
PK14	PK06	41
PK14	PK07	38
PK14	PK08	34
PK14	PK09	30
PK14	PK10_U	27
PK14	PK10_L	27
PK14	MT01	32
PK14	MT02	35
PK14	PK11	23
PK14	PK12	21
PK14	PK13	18
PK14	PK14	15
PK14	PK15	18
PK14	PK16	21
PK14	PK17	23
PK14	PK18	28
PK14	PK19	31
PK14	PK20	34
PK14	PK21	37
PK14	PK22	40
PK14	PK23	42
PK14	PK24	43
PK14	PK25	45
PK14	PK26	45
PK14	PK27	45
PK14	PK28	45
PK14	PK29	45
PK14	PK30	45
PK15	PK01	45
PK15	PK02	45
PK15	PK03	45
PK15	PK04	45
PK15	PK05	45
PK15	PK06	43
PK15	PK07	40
PK15	PK08	36
PK15	PK09	32
PK15	PK10_U	29
PK15	PK10_L	29
PK15	MT01	35
PK15	MT02	37
PK15	PK11	26
PK15	PK12	23
PK15	PK13	21
PK15	PK14	18
PK15	PK15	15
PK15	PK16	18
PK15	PK17	21
PK15	PK18	26
PK15	PK19	29
PK15	PK20	31
PK15	PK21	35
PK15	PK22	37
PK15	PK23	40
PK15	PK24	41
PK15	PK25	44
PK15	PK26	45
PK15	PK27	45
PK15	PK28	45
PK15	PK29	45
PK15	PK30	45
PK16	PK01	45
PK16	PK02	45
PK16	PK03	45
PK16	PK04	45
PK16	PK05	45
PK16	PK06	45
PK16	PK07	43
PK16	PK08	39
PK16	PK09	36
PK16	PK10_U	32
PK16	PK10_L	32
PK16	MT01	38
PK16	MT02	40
PK16	PK11	28
PK16	PK12	26
PK16	PK13	24
PK16	PK14	21
PK16	PK15	18
PK16	PK16	15
PK16	PK17	17
PK16	PK18	23
PK16	PK19	26
PK16	PK20	28
PK16	PK21	31
PK16	PK22	35
PK16	PK23	37
PK16	PK24	39
PK16	PK25	43
PK16	PK26	45
PK16	PK27	45
PK16	PK28	45
PK16	PK29	45
PK16	PK30	45
PK17	PK01	45
PK17	PK02	45
PK17	PK03	45
PK17	PK04	45
PK17	PK05	45
PK17	PK06	45
PK17	PK07	45
PK17	PK08	41
PK17	PK09	38
PK17	PK10_U	35
PK17	PK10_L	35
PK17	MT01	39
PK17	MT02	42
PK17	PK11	30
PK17	PK12	28
PK17	PK13	26
PK17	PK14	23
PK17	PK15	21
PK17	PK16	17
PK17	PK17	15
PK17	PK18	21
PK17	PK19	24
PK17	PK20	26
PK17	PK21	29
PK17	PK22	32
PK17	PK23	36
PK17	PK24	34
PK17	PK25	38
PK17	PK26	42
PK17	PK27	44
PK17	PK28	45
PK17	PK29	45
PK17	PK30	45
PK18	PK01	45
PK18	PK02	45
PK18	PK03	45
PK18	PK04	45
PK18	PK05	45
PK18	PK06	45
PK18	PK07	45
PK18	PK08	43
PK18	PK09	40
PK18	PK10_U	44
PK18	PK10_L	44
PK18	MT01	45
PK18	MT02	45
PK18	PK11	36
PK18	PK12	34
PK18	PK13	30
PK18	PK14	28
PK18	PK15	26
PK18	PK16	23
PK18	PK17	21
PK18	PK18	15
PK18	PK19	18
PK18	PK20	21
PK18	PK21	25
PK18	PK22	27
PK18	PK23	30
PK18	PK24	30
PK18	PK25	35
PK18	PK26	39
PK18	PK27	42
PK18	PK28	44
PK18	PK29	45
PK18	PK30	45
PK19	PK01	45
PK19	PK02	45
PK19	PK03	45
PK19	PK04	45
PK19	PK05	45
PK19	PK06	45
PK19	PK07	45
PK19	PK08	45
PK19	PK09	42
PK19	PK10_U	45
PK19	PK10_L	45
PK19	MT01	45
PK19	MT02	45
PK19	PK11	39
PK19	PK12	37
PK19	PK13	34
PK19	PK14	31
PK19	PK15	29
PK19	PK16	26
PK19	PK17	24
PK19	PK18	18
PK19	PK19	15
PK19	PK20	17
PK19	PK21	22
PK19	PK22	24
PK19	PK23	27
PK19	PK24	28
PK19	PK25	32
PK19	PK26	37
PK19	PK27	38
PK19	PK28	41
PK19	PK29	45
PK19	PK30	45
PK20	PK01	45
PK20	PK02	45
PK20	PK03	45
PK20	PK04	45
PK20	PK05	45
PK20	PK06	45
PK20	PK07	45
PK20	PK08	45
PK20	PK09	44
PK20	PK10_U	45
PK20	PK10_L	45
PK20	MT01	45
PK20	MT02	45
PK20	PK11	41
PK20	PK12	39
PK20	PK13	36
PK20	PK14	34
PK20	PK15	31
PK20	PK16	28
PK20	PK17	26
PK20	PK18	21
PK20	PK19	17
PK20	PK20	15
PK20	PK21	19
PK20	PK22	22
PK20	PK23	25
PK20	PK24	25
PK20	PK25	29
PK20	PK26	34
PK20	PK27	36
PK20	PK28	38
PK20	PK29	45
PK20	PK30	45
PK21	PK01	45
PK21	PK02	45
PK21	PK03	45
PK21	PK04	45
PK21	PK05	45
PK21	PK06	45
PK21	PK07	45
PK21	PK08	45
PK21	PK09	45
PK21	PK10_U	45
PK21	PK10_L	45
PK21	MT01	45
PK21	MT02	45
PK21	PK11	44
PK21	PK12	42
PK21	PK13	40
PK21	PK14	37
PK21	PK15	35
PK21	PK16	31
PK21	PK17	29
PK21	PK18	25
PK21	PK19	22
PK21	PK20	19
PK21	PK21	15
PK21	PK22	18
PK21	PK23	22
PK21	PK24	22
PK21	PK25	26
PK21	PK26	30
PK21	PK27	32
PK21	PK28	36
PK21	PK29	42
PK21	PK30	45
PK22	PK01	45
PK22	PK02	45
PK22	PK03	45
PK22	PK04	45
PK22	PK05	45
PK22	PK06	45
PK22	PK07	45
PK22	PK08	45
PK22	PK09	45
PK22	PK10_U	45
PK22	PK10_L	45
PK22	MT01	45
PK22	MT02	45
PK22	PK11	45
PK22	PK12	44
PK22	PK13	42
PK22	PK14	40
PK22	PK15	37
PK22	PK16	35
PK22	PK17	32
PK22	PK18	27
PK22	PK19	24
PK22	PK20	22
PK22	PK21	18
PK22	PK22	15
PK22	PK23	18
PK22	PK24	19
PK22	PK25	23
PK22	PK26	28
PK22	PK27	29
PK22	PK28	32
PK22	PK29	39
PK22	PK30	42
PK23	PK01	45
PK23	PK02	45
PK23	PK03	45
PK23	PK04	45
PK23	PK05	45
PK23	PK06	45
PK23	PK07	45
PK23	PK08	45
PK23	PK09	45
PK23	PK10_U	45
PK23	PK10_L	45
PK23	MT01	45
PK23	MT02	45
PK23	PK11	45
PK23	PK12	45
PK23	PK13	45
PK23	PK14	42
PK23	PK15	40
PK23	PK16	37
PK23	PK17	36
PK23	PK18	30
PK23	PK19	27
PK23	PK20	25
PK23	PK21	22
PK23	PK22	18
PK23	PK23	15
PK23	PK24	15
PK23	PK25	19
PK23	PK26	24
PK23	PK27	25
PK23	PK28	28
PK23	PK29	36
PK23	PK30	39
PK24	PK01	45
PK24	PK02	45
PK24	PK03	45
PK24	PK04	45
PK24	PK05	45
PK24	PK06	45
PK24	PK07	45
PK24	PK08	45
PK24	PK09	45
PK24	PK10_U	45
PK24	PK10_L	45
PK24	MT01	45
PK24	MT02	45
PK24	PK11	45
PK24	PK12	45
PK24	PK13	45
PK24	PK14	43
PK24	PK15	41
PK24	PK16	39
PK24	PK17	34
PK24	PK18	30
PK24	PK19	28
PK24	PK20	25
PK24	PK21	22
PK24	PK22	19
PK24	PK23	15
PK24	PK24	15
PK24	PK25	15
PK24	PK26	21
PK24	PK27	21
PK24	PK28	24
PK24	PK29	32
PK24	PK30	35
PK25	PK01	45
PK25	PK02	45
PK25	PK03	45
PK25	PK04	45
PK25	PK05	45
PK25	PK06	45
PK25	PK07	45
PK25	PK08	45
PK25	PK09	45
PK25	PK10_U	45
PK25	PK10_L	45
PK25	MT01	45
PK25	MT02	45
PK25	PK11	45
PK25	PK12	45
PK25	PK13	45
PK25	PK14	45
PK25	PK15	44
PK25	PK16	43
PK25	PK17	38
PK25	PK18	35
PK25	PK19	32
PK25	PK20	29
PK25	PK21	26
PK25	PK22	23
PK25	PK23	19
PK25	PK24	15
PK25	PK25	15
PK25	PK26	15
PK25	PK27	15
PK25	PK28	18
PK25	PK29	27
PK25	PK30	30
PK26	PK01	45
PK26	PK02	45
PK26	PK03	45
PK26	PK04	45
PK26	PK05	45
PK26	PK06	45
PK26	PK07	45
PK26	PK08	45
PK26	PK09	45
PK26	PK10_U	45
PK26	PK10_L	45
PK26	MT01	45
PK26	MT02	45
PK26	PK11	45
PK26	PK12	45
PK26	PK13	45
PK26	PK14	45
PK26	PK15	45
PK26	PK16	45
PK26	PK17	42
PK26	PK18	39
PK26	PK19	37
PK26	PK20	34
PK26	PK21	30
PK26	PK22	28
PK26	PK23	24
PK26	PK24	21
PK26	PK25	15
PK26	PK26	15
PK26	PK27	15
PK26	PK28	15
PK26	PK29	23
PK26	PK30	25
PK27	PK01	45
PK27	PK02	45
PK27	PK03	45
PK27	PK04	45
PK27	PK05	45
PK27	PK06	45
PK27	PK07	45
PK27	PK08	45
PK27	PK09	45
PK27	PK10_U	45
PK27	PK10_L	45
PK27	MT01	45
PK27	MT02	45
PK27	PK11	45
PK27	PK12	45
PK27	PK13	45
PK27	PK14	45
PK27	PK15	45
PK27	PK16	45
PK27	PK17	44
PK27	PK18	42
PK27	PK19	38
PK27	PK20	36
PK27	PK21	32
PK27	PK22	29
PK27	PK23	25
PK27	PK24	21
PK27	PK25	15
PK27	PK26	15
PK27	PK27	15
PK27	PK28	15
PK27	PK29	19
PK27	PK30	23
PK28	PK01	45
PK28	PK02	45
PK28	PK03	45
PK28	PK04	45
PK28	PK05	45
PK28	PK06	45
PK28	PK07	45
PK28	PK08	45
PK28	PK09	45
PK28	PK10_U	45
PK28	PK10_L	45
PK28	MT01	45
PK28	MT02	45
PK28	PK11	45
PK28	PK12	45
PK28	PK13	45
PK28	PK14	45
PK28	PK15	45
PK28	PK16	45
PK28	PK17	45
PK28	PK18	44
PK28	PK19	41
PK28	PK20	38
PK28	PK21	36
PK28	PK22	32
PK28	PK23	28
PK28	PK24	24
PK28	PK25	18
PK28	PK26	15
PK28	PK27	15
PK28	PK28	15
PK28	PK29	15
PK28	PK30	18
PK29	PK01	45
PK29	PK02	45
PK29	PK03	45
PK29	PK04	45
PK29	PK05	45
PK29	PK06	45
PK29	PK07	45
PK29	PK08	45
PK29	PK09	45
PK29	PK10_U	45
PK29	PK10_L	45
PK29	MT01	45
PK29	MT02	45
PK29	PK11	45
PK29	PK12	45
PK29	PK13	45
PK29	PK14	45
PK29	PK15	45
PK29	PK16	45
PK29	PK17	45
PK29	PK18	45
PK29	PK19	45
PK29	PK20	45
PK29	PK21	42
PK29	PK22	39
PK29	PK23	36
PK29	PK24	32
PK29	PK25	27
PK29	PK26	23
PK29	PK27	19
PK29	PK28	15
PK29	PK29	15
PK29	PK30	15
PK30	PK01	45
PK30	PK02	45
PK30	PK03	45
PK30	PK04	45
PK30	PK05	45
PK30	PK06	45
PK30	PK07	45
PK30	PK08	45
PK30	PK09	45
PK30	PK10_U	45
PK30	PK10_L	45
PK30	MT01	45
PK30	MT02	45
PK30	PK11	45
PK30	PK12	45
PK30	PK13	45
PK30	PK14	45
PK30	PK15	45
PK30	PK16	45
PK30	PK17	45
PK30	PK18	45
PK30	PK19	45
PK30	PK20	45
PK30	PK21	45
PK30	PK22	42
PK30	PK23	39
PK30	PK24	35
PK30	PK25	30
PK30	PK26	25
PK30	PK27	23
PK30	PK28	18
PK30	PK29	15
PK30	PK30	15
PP01	PP01	14
PP01	PP02	17
PP01	PP03	20
PP01	PP04	23
PP01	PP05	25
PP01	PP06	27
PP01	PP07	30
PP01	PP08	33
PP01	PP09	36
PP01	PP10	38
PP01	PP11	40
PP01	PP12	42
PP01	PP13	42
PP01	PP14	42
PP01	PP15	42
PP01	PP16	42
PP02	PP01	17
PP02	PP02	14
PP02	PP03	17
PP02	PP04	20
PP02	PP05	22
PP02	PP06	24
PP02	PP07	27
PP02	PP08	30
PP02	PP09	33
PP02	PP10	35
PP02	PP11	37
PP02	PP12	40
PP02	PP13	42
PP02	PP14	42
PP02	PP15	42
PP02	PP16	42
PP03	PP01	20
PP03	PP02	17
PP03	PP03	14
PP03	PP04	17
PP03	PP05	19
PP03	PP06	21
PP03	PP07	24
PP03	PP08	27
PP03	PP09	30
PP03	PP10	32
PP03	PP11	34
PP03	PP12	37
PP03	PP13	39
PP03	PP14	42
PP03	PP15	42
PP03	PP16	42
PP04	PP01	23
PP04	PP02	20
PP04	PP03	17
PP04	PP04	14
PP04	PP05	16
PP04	PP06	18
PP04	PP07	21
PP04	PP08	24
PP04	PP09	27
PP04	PP10	29
PP04	PP11	31
PP04	PP12	34
PP04	PP13	36
PP04	PP14	39
PP04	PP15	42
PP04	PP16	42
PP05	PP01	25
PP05	PP02	22
PP05	PP03	19
PP05	PP04	16
PP05	PP05	14
PP05	PP06	16
PP05	PP07	19
PP05	PP08	22
PP05	PP09	25
PP05	PP10	27
PP05	PP11	29
PP05	PP12	32
PP05	PP13	34
PP05	PP14	37
PP05	PP15	40
PP05	PP16	42
PP06	PP01	27
PP06	PP02	24
PP06	PP03	21
PP06	PP04	18
PP06	PP05	16
PP06	PP06	14
PP06	PP07	17
PP06	PP08	20
PP06	PP09	23
PP06	PP10	25
PP06	PP11	27
PP06	PP12	30
PP06	PP13	32
PP06	PP14	35
PP06	PP15	38
PP06	PP16	41
PP07	PP01	30
PP07	PP02	27
PP07	PP03	24
PP07	PP04	21
PP07	PP05	19
PP07	PP06	17
PP07	PP07	14
PP07	PP08	17
PP07	PP09	20
PP07	PP10	22
PP07	PP11	24
PP07	PP12	27
PP07	PP13	29
PP07	PP14	32
PP07	PP15	35
PP07	PP16	38
PP08	PP01	33
PP08	PP02	30
PP08	PP03	27
PP08	PP04	24
PP08	PP05	22
PP08	PP06	20
PP08	PP07	17
PP08	PP08	14
PP08	PP09	17
PP08	PP10	19
PP08	PP11	21
PP08	PP12	24
PP08	PP13	26
PP08	PP14	29
PP08	PP15	32
PP08	PP16	35
PP09	PP01	36
PP09	PP02	33
PP09	PP03	30
PP09	PP04	27
PP09	PP05	25
PP09	PP06	23
PP09	PP07	20
PP09	PP08	17
PP09	PP09	14
PP09	PP10	16
PP09	PP11	18
PP09	PP12	21
PP09	PP13	23
PP09	PP14	26
PP09	PP15	29
PP09	PP16	32
PP10	PP01	38
PP10	PP02	35
PP10	PP03	32
PP10	PP04	29
PP10	PP05	27
PP10	PP06	25
PP10	PP07	22
PP10	PP08	19
PP10	PP09	16
PP10	PP10	14
PP10	PP11	16
PP10	PP12	19
PP10	PP13	21
PP10	PP14	24
PP10	PP15	27
PP10	PP16	30
PP11	PP01	40
PP11	PP02	37
PP11	PP03	34
PP11	PP04	31
PP11	PP05	29
PP11	PP06	27
PP11	PP07	24
PP11	PP08	21
PP11	PP09	18
PP11	PP10	16
PP11	PP11	14
PP11	PP12	17
PP11	PP13	19
PP11	PP14	22
PP11	PP15	25
PP11	PP16	28
PP12	PP01	42
PP12	PP02	40
PP12	PP03	37
PP12	PP04	34
PP12	PP05	32
PP12	PP06	30
PP12	PP07	27
PP12	PP08	24
PP12	PP09	21
PP12	PP10	19
PP12	PP11	17
PP12	PP12	14
PP12	PP13	16
PP12	PP14	19
PP12	PP15	22
PP12	PP16	25
PP13	PP01	42
PP13	PP02	42
PP13	PP03	39
PP13	PP04	36
PP13	PP05	34
PP13	PP06	32
PP13	PP07	29
PP13	PP08	26
PP13	PP09	23
PP13	PP10	21
PP13	PP11	19
PP13	PP12	16
PP13	PP13	14
PP13	PP14	17
PP13	PP15	20
PP13	PP16	23
PP14	PP01	42
PP14	PP02	42
PP14	PP03	42
PP14	PP04	39
PP14	PP05	37
PP14	PP06	35
PP14	PP07	32
PP14	PP08	29
PP14	PP09	26
PP14	PP10	24
PP14	PP11	22
PP14	PP12	19
PP14	PP13	17
PP14	PP14	14
PP14	PP15	17
PP14	PP16	20
PP15	PP01	42
PP15	PP02	42
PP15	PP03	42
PP15	PP04	42
PP15	PP05	40
PP15	PP06	38
PP15	PP07	35
PP15	PP08	32
PP15	PP09	29
PP15	PP10	27
PP15	PP11	25
PP15	PP12	22
PP15	PP13	20
PP15	PP14	17
PP15	PP15	14
PP15	PP16	17
PP16	PP01	42
PP16	PP02	42
PP16	PP03	42
PP16	PP04	42
PP16	PP05	42
PP16	PP06	41
PP16	PP07	38
PP16	PP08	35
PP16	PP09	32
PP16	PP10	30
PP16	PP11	28
PP16	PP12	25
PP16	PP13	23
PP16	PP14	20
PP16	PP15	17
PP16	PP16	16
YL01	YL01	15
YL01	YL02	19
YL01	YL03	23
YL01	YL04	27
YL01	YL05	30
YL01	YL06	33
YL01	YL07	36
YL01	YL08	39
YL01	YL09	42
YL01	YL10	45
YL01	YL11	45
YL01	YL12	45
YL01	YL13	45
YL01	YL14	45
YL01	YL15	45
YL01	YL16	45
YL01	YL17	45
YL01	YL18	45
YL01	YL19	45
YL01	YL20	45
YL01	YL21	45
YL01	YL22	45
YL01	YL23	45
YL02	YL01	19
YL02	YL02	15
YL02	YL03	19
YL02	YL04	24
YL02	YL05	26
YL02	YL06	29
YL02	YL07	31
YL02	YL08	36
YL02	YL09	39
YL02	YL10	42
YL02	YL11	45
YL02	YL12	45
YL02	YL13	45
YL02	YL14	45
YL02	YL15	45
YL02	YL16	45
YL02	YL17	45
YL02	YL18	45
YL02	YL19	45
YL02	YL20	45
YL02	YL21	45
YL02	YL22	45
YL02	YL23	45
YL03	YL01	23
YL03	YL02	19
YL03	YL03	15
YL03	YL04	21
YL03	YL05	23
YL03	YL06	26
YL03	YL07	28
YL03	YL08	31
YL03	YL09	35
YL03	YL10	39
YL03	YL11	43
YL03	YL12	45
YL03	YL13	45
YL03	YL14	45
YL03	YL15	45
YL03	YL16	45
YL03	YL17	45
YL03	YL18	45
YL03	YL19	45
YL03	YL20	45
YL03	YL21	45
YL03	YL22	45
YL03	YL23	45
YL04	YL01	27
YL04	YL02	24
YL04	YL03	21
YL04	YL04	15
YL04	YL05	18
YL04	YL06	22
YL04	YL07	24
YL04	YL08	27
YL04	YL09	30
YL04	YL10	33
YL04	YL11	38
YL04	YL12	42
YL04	YL13	45
YL04	YL14	45
YL04	YL15	45
YL04	YL16	45
YL04	YL17	45
YL04	YL18	45
YL04	YL19	45
YL04	YL20	45
YL04	YL21	45
YL04	YL22	45
YL04	YL23	45
YL05	YL01	30
YL05	YL02	26
YL05	YL03	23
YL05	YL04	18
YL05	YL05	15
YL05	YL06	19
YL05	YL07	22
YL05	YL08	25
YL05	YL09	28
YL05	YL10	31
YL05	YL11	36
YL05	YL12	40
YL05	YL13	44
YL05	YL14	45
YL05	YL15	45
YL05	YL16	45
YL05	YL17	45
YL05	YL18	45
YL05	YL19	45
YL05	YL20	45
YL05	YL21	45
YL05	YL22	45
YL05	YL23	45
YL06	YL01	33
YL06	YL02	29
YL06	YL03	26
YL06	YL04	22
YL06	YL05	19
YL06	YL06	15
YL06	YL07	18
YL06	YL08	22
YL06	YL09	25
YL06	YL10	28
YL06	YL11	32
YL06	YL12	37
YL06	YL13	41
YL06	YL14	44
YL06	YL15	45
YL06	YL16	45
YL06	YL17	45
YL06	YL18	45
YL06	YL19	45
YL06	YL20	45
YL06	YL21	45
YL06	YL22	45
YL06	YL23	45
YL07	YL01	36
YL07	YL02	31
YL07	YL03	28
YL07	YL04	24
YL07	YL05	22
YL07	YL06	18
YL07	YL07	15
YL07	YL08	19
YL07	YL09	23
YL07	YL10	26
YL07	YL11	30
YL07	YL12	33
YL07	YL13	39
YL07	YL14	42
YL07	YL15	45
YL07	YL16	45
YL07	YL17	45
YL07	YL18	45
YL07	YL19	45
YL07	YL20	45
YL07	YL21	45
YL07	YL22	45
YL07	YL23	45
YL08	YL01	39
YL08	YL02	36
YL08	YL03	31
YL08	YL04	27
YL08	YL05	25
YL08	YL06	22
YL08	YL07	19
YL08	YL08	15
YL08	YL09	18
YL08	YL10	23
YL08	YL11	27
YL08	YL12	30
YL08	YL13	35
YL08	YL14	38
YL08	YL15	41
YL08	YL16	45
YL08	YL17	45
YL08	YL18	45
YL08	YL19	45
YL08	YL20	45
YL08	YL21	45
YL08	YL22	45
YL08	YL23	45
YL09	YL01	42
YL09	YL02	39
YL09	YL03	35
YL09	YL04	30
YL09	YL05	28
YL09	YL06	25
YL09	YL07	23
YL09	YL08	18
YL09	YL09	15
YL09	YL10	19
YL09	YL11	24
YL09	YL12	27
YL09	YL13	31
YL09	YL14	35
YL09	YL15	38
YL09	YL16	42
YL09	YL17	45
YL09	YL18	45
YL09	YL19	45
YL09	YL20	45
YL09	YL21	45
YL09	YL22	45
YL09	YL23	45
YL10	YL01	45
YL10	YL02	42
YL10	YL03	39
YL10	YL04	33
YL10	YL05	31
YL10	YL06	28
YL10	YL07	26
YL10	YL08	23
YL10	YL09	19
YL10	YL10	15
YL10	YL11	21
YL10	YL12	24
YL10	YL13	28
YL10	YL14	31
YL10	YL15	35
YL10	YL16	39
YL10	YL17	42
YL10	YL18	45
YL10	YL19	45
YL10	YL20	45
YL10	YL21	45
YL10	YL22	45
YL10	YL23	45
YL11	YL01	45
YL11	YL02	45
YL11	YL03	43
YL11	YL04	38
YL11	YL05	36
YL11	YL06	32
YL11	YL07	30
YL11	YL08	27
YL11	YL09	24
YL11	YL10	21
YL11	YL11	15
YL11	YL12	19
YL11	YL13	24
YL11	YL14	27
YL11	YL15	30
YL11	YL16	35
YL11	YL17	38
YL11	YL18	41
YL11	YL19	45
YL11	YL20	45
YL11	YL21	45
YL11	YL22	45
YL11	YL23	45
YL12	YL01	45
YL12	YL02	45
YL12	YL03	45
YL12	YL04	42
YL12	YL05	40
YL12	YL06	37
YL12	YL07	33
YL12	YL08	30
YL12	YL09	27
YL12	YL10	24
YL12	YL11	19
YL12	YL12	15
YL12	YL13	21
YL12	YL14	24
YL12	YL15	27
YL12	YL16	31
YL12	YL17	33
YL12	YL18	38
YL12	YL19	42
YL12	YL20	45
YL12	YL21	45
YL12	YL22	45
YL12	YL23	45
YL13	YL01	45
YL13	YL02	45
YL13	YL03	45
YL13	YL04	45
YL13	YL05	44
YL13	YL06	41
YL13	YL07	39
YL13	YL08	35
YL13	YL09	31
YL13	YL10	28
YL13	YL11	24
YL13	YL12	21
YL13	YL13	15
YL13	YL14	18
YL13	YL15	22
YL13	YL16	27
YL13	YL17	29
YL13	YL18	33
YL13	YL19	38
YL13	YL20	41
YL13	YL21	44
YL13	YL22	45
YL13	YL23	45
YL14	YL01	45
YL14	YL02	45
YL14	YL03	45
YL14	YL04	45
YL14	YL05	45
YL14	YL06	44
YL14	YL07	42
YL14	YL08	38
YL14	YL09	35
YL14	YL10	31
YL14	YL11	27
YL14	YL12	24
YL14	YL13	18
YL14	YL14	15
YL14	YL15	18
YL14	YL16	24
YL14	YL17	26
YL14	YL18	30
YL14	YL19	35
YL14	YL20	38
YL14	YL21	41
YL14	YL22	45
YL14	YL23	45
YL15	YL01	45
YL15	YL02	45
YL15	YL03	45
YL15	YL04	45
YL15	YL05	45
YL15	YL06	45
YL15	YL07	45
YL15	YL08	41
YL15	YL09	38
YL15	YL10	35
YL15	YL11	30
YL15	YL12	27
YL15	YL13	22
YL15	YL14	18
YL15	YL15	15
YL15	YL16	21
YL15	YL17	23
YL15	YL18	27
YL15	YL19	31
YL15	YL20	35
YL15	YL21	38
YL15	YL22	42
YL15	YL23	45
YL16	YL01	45
YL16	YL02	45
YL16	YL03	45
YL16	YL04	45
YL16	YL05	45
YL16	YL06	45
YL16	YL07	45
YL16	YL08	45
YL16	YL09	42
YL16	YL10	39
YL16	YL11	35
YL16	YL12	31
YL16	YL13	27
YL16	YL14	24
YL16	YL15	21
YL16	YL16	15
YL16	YL17	18
YL16	YL18	23
YL16	YL19	27
YL16	YL20	30
YL16	YL21	33
YL16	YL22	38
YL16	YL23	43
YL17	YL01	45
YL17	YL02	45
YL17	YL03	45
YL17	YL04	45
YL17	YL05	45
YL17	YL06	45
YL17	YL07	45
YL17	YL08	45
YL17	YL09	45
YL17	YL10	42
YL17	YL11	38
YL17	YL12	33
YL17	YL13	29
YL17	YL14	26
YL17	YL15	23
YL17	YL16	18
YL17	YL17	15
YL17	YL18	19
YL17	YL19	24
YL17	YL20	28
YL17	YL21	30
YL17	YL22	36
YL17	YL23	40
YL18	YL01	45
YL18	YL02	45
YL18	YL03	45
YL18	YL04	45
YL18	YL05	45
YL18	YL06	45
YL18	YL07	45
YL18	YL08	45
YL18	YL09	45
YL18	YL10	45
YL18	YL11	41
YL18	YL12	38
YL18	YL13	33
YL18	YL14	30
YL18	YL15	27
YL18	YL16	23
YL18	YL17	19
YL18	YL18	15
YL18	YL19	19
YL18	YL20	24
YL18	YL21	27
YL18	YL22	31
YL18	YL23	36
YL19	YL01	45
YL19	YL02	45
YL19	YL03	45
YL19	YL04	45
YL19	YL05	45
YL19	YL06	45
YL19	YL07	45
YL19	YL08	45
YL19	YL09	45
YL19	YL10	45
YL19	YL11	45
YL19	YL12	42
YL19	YL13	38
YL19	YL14	35
YL19	YL15	31
YL19	YL16	27
YL19	YL17	24
YL19	YL18	19
YL19	YL19	15
YL19	YL20	19
YL19	YL21	23
YL19	YL22	27
YL19	YL23	32
YL20	YL01	45
YL20	YL02	45
YL20	YL03	45
YL20	YL04	45
YL20	YL05	45
YL20	YL06	45
YL20	YL07	45
YL20	YL08	45
YL20	YL09	45
YL20	YL10	45
YL20	YL11	45
YL20	YL12	45
YL20	YL13	41
YL20	YL14	38
YL20	YL15	35
YL20	YL16	30
YL20	YL17	28
YL20	YL18	24
YL20	YL19	19
YL20	YL20	15
YL20	YL21	18
YL20	YL22	24
YL20	YL23	28
YL21	YL01	45
YL21	YL02	45
YL21	YL03	45
YL21	YL04	45
YL21	YL05	45
YL21	YL06	45
YL21	YL07	45
YL21	YL08	45
YL21	YL09	45
YL21	YL10	45
YL21	YL11	45
YL21	YL12	45
YL21	YL13	44
YL21	YL14	41
YL21	YL15	38
YL21	YL16	33
YL21	YL17	30
YL21	YL18	27
YL21	YL19	23
YL21	YL20	18
YL21	YL21	15
YL21	YL22	21
YL21	YL23	25
YL22	YL01	45
YL22	YL02	45
YL22	YL03	45
YL22	YL04	45
YL22	YL05	45
YL22	YL06	45
YL22	YL07	45
YL22	YL08	45
YL22	YL09	45
YL22	YL10	45
YL22	YL11	45
YL22	YL12	45
YL22	YL13	45
YL22	YL14	45
YL22	YL15	42
YL22	YL16	38
YL22	YL17	36
YL22	YL18	31
YL22	YL19	27
YL22	YL20	24
YL22	YL21	21
YL22	YL22	15
YL22	YL23	21
YL23	YL01	45
YL23	YL02	45
YL23	YL03	45
YL23	YL04	45
YL23	YL05	45
YL23	YL06	45
YL23	YL07	45
YL23	YL08	45
YL23	YL09	45
YL23	YL10	45
YL23	YL11	45
YL23	YL12	45
YL23	YL13	45
YL23	YL14	45
YL23	YL15	45
YL23	YL16	43
YL23	YL17	40
YL23	YL18	36
YL23	YL19	32
YL23	YL20	28
YL23	YL21	25
YL23	YL22	21
YL23	YL23	15
RW06	RW06	12
RW06	RW05	18
RW06	RW02	29
RW06	RN01	35
RW06	RN02	38
RW06	RN03	41
RW06	RN04	42
RW06	RN05	42
RW06	RN06	42
RW06	RN07	42
RW06	RN08	42
RW06	RN09	42
RW06	RN10	42
RW05	RW06	18
RW05	RW05	12
RW05	RW02	23
RW05	RN01	29
RW05	RN02	32
RW05	RN03	35
RW05	RN04	37
RW05	RN05	39
RW05	RN06	42
RW05	RN07	42
RW05	RN08	42
RW05	RN09	42
RW05	RN10	42
RW02	RW06	29
RW02	RW05	23
RW02	RW02	12
RW02	RN01	18
RW02	RN02	22
RW02	RN03	25
RW02	RN04	26
RW02	RN05	29
RW02	RN06	33
RW02	RN07	36
RW02	RN08	39
RW02	RN09	42
RW02	RN10	42
RN01	RW06	35
RN01	RW05	29
RN01	RW02	18
RN01	RN01	12
RN01	RN02	16
RN01	RN03	19
RN01	RN04	20
RN01	RN05	23
RN01	RN06	27
RN01	RN07	30
RN01	RN08	33
RN01	RN09	42
RN01	RN10	42
RN02	RW06	38
RN02	RW05	32
RN02	RW02	22
RN02	RN01	16
RN02	RN02	12
RN02	RN03	15
RN02	RN04	17
RN02	RN05	19
RN02	RN06	23
RN02	RN07	26
RN02	RN08	29
RN02	RN09	38
RN02	RN10	42
RN03	RW06	41
RN03	RW05	35
RN03	RW02	25
RN03	RN01	19
RN03	RN02	15
RN03	RN03	12
RN03	RN04	14
RN03	RN05	16
RN03	RN06	20
RN03	RN07	23
RN03	RN08	26
RN03	RN09	35
RN03	RN10	40
RN04	RW06	42
RN04	RW05	37
RN04	RW02	26
RN04	RN01	20
RN04	RN02	17
RN04	RN03	14
RN04	RN04	12
RN04	RN05	14
RN04	RN06	19
RN04	RN07	22
RN04	RN08	25
RN04	RN09	34
RN04	RN10	38
RN05	RW06	42
RN05	RW05	39
RN05	RW02	29
RN05	RN01	23
RN05	RN02	19
RN05	RN03	16
RN05	RN04	14
RN05	RN05	12
RN05	RN06	17
RN05	RN07	20
RN05	RN08	23
RN05	RN09	32
RN05	RN10	36
RN06	RW06	42
RN06	RW05	42
RN06	RW02	33
RN06	RN01	27
RN06	RN02	23
RN06	RN03	20
RN06	RN04	19
RN06	RN05	17
RN06	RN06	12
RN06	RN07	15
RN06	RN08	18
RN06	RN09	27
RN06	RN10	32
RN07	RW06	42
RN07	RW05	42
RN07	RW02	36
RN07	RN01	30
RN07	RN02	26
RN07	RN03	23
RN07	RN04	22
RN07	RN05	20
RN07	RN06	15
RN07	RN07	12
RN07	RN08	15
RN07	RN09	24
RN07	RN10	29
RN08	RW06	42
RN08	RW05	42
RN08	RW02	39
RN08	RN01	33
RN08	RN02	29
RN08	RN03	26
RN08	RN04	25
RN08	RN05	23
RN08	RN06	18
RN08	RN07	15
RN08	RN08	12
RN08	RN09	21
RN08	RN10	26
RN09	RW06	42
RN09	RW05	42
RN09	RW02	42
RN09	RN01	42
RN09	RN02	38
RN09	RN03	35
RN09	RN04	34
RN09	RN05	32
RN09	RN06	27
RN09	RN07	24
RN09	RN08	21
RN09	RN09	12
RN09	RN10	17
RN10	RW06	42
RN10	RW05	42
RN10	RW02	42
RN10	RN01	42
RN10	RN02	42
RN10	RN03	40
RN10	RN04	38
RN10	RN05	36
RN10	RN06	32
RN10	RN07	29
RN10	RN08	26
RN10	RN09	17
RN10	RN10	12
\.


--
-- Data for Name: hop_fare; Type: TABLE DATA; Schema: public; Owner: postgres
--

COPY public.hop_fare (operator, fare_array) FROM stdin;
BEM_BL	[17, 17, 20, 22, 25, 27, 30, 32, 35, 37, 40, 42, 45]
BTSC	[17, 17, 21, 25, 28, 31, 34, 37, 40, 43, 47]
BTSC_EXT	[17, 17, 19, 22, 24, 27, 29, 32, 34, 37, 39, 42, 44, 45]
AERA1	[15, 15, 20, 25, 30, 35, 40, 45]
BTSC_G	[16]
EBM	[]
NBM	[]
SRTET	[]
BEM_PP	[]
\.


--
-- Data for Name: line; Type: TABLE DATA; Schema: public; Owner: postgres
--

COPY public.line (line_id, th_name, th_name_alt, en_name, en_name_alt, color, operator) FROM stdin;
SUK	สุขุมวิท	สีเขียวอ่อน	Sukhumvit	Light Green	#78B928	BTSC
SIL	สีลม	สีเขียวเข้ม	Silom	Dark Green	#00722A	BTSC
SUK_EXT	สุขุมวิท (ส่วนต่อขยาย)	สีเขียวอ่อน (ส่วนต่อขยาย)	Sukhumvit (Extension)	Light Green (Extension)	#78B928	BTSC_EXT
SIL_EXT	สีลม (ส่วนต่อขยาย)	สีเขียวเข้ม (ส่วนต่อขยาย)	Silom (Extension)	Dark Green (Extension)	#00722A	BTSC_EXT
RN	สีแดงเข้ม	ธานีรัถยา	Dark Red	Thani Ratthaya	#B62126	SRTET
RW	สีแดงอ่อน	นครวิถี	Light Red	Nakhon Withi	#FF5252	SRTET
PK	สีชมพู	วิวัฒน์นคร	Pink	Wiwat Nakhon	#EA6589	NBM
YL	สีเหลือง	นัคราพิพัฒน์	Yellow	Nakkhara Phiphat	#FAD508	EBM
ARL	แอร์พอร์ต เรล ลิงก์	ท่าอากาศยาน	Airport Rail Link	Airport	#6E1137	AERA1
G	สีทอง	\N	Gold	\N	#A6882F	BTSC_G
BL	สีน้ำเงิน	เฉลิมรัชมงคล	Blue	Chaleom Ratchamongkhon	#243E8C	BEM_BL
PP	สีม่วง	ฉลองรัชธรรม	Purple	Chalong Ratchadham	#863A8E	BEM_PP
\.


--
-- Data for Name: station; Type: TABLE DATA; Schema: public; Owner: postgres
--

COPY public.station (station_id, line_id, th_name, en_name, is_available, display_id) FROM stdin;
CEN_SUK	SUK	สยาม	Siam	t	CEN
PP01	PP	คลองบางไผ่	Khlong Bang Phai	t	PP01
PP02	PP	ตลาดบางใหญ่	Talad Bang Yai	t	PP02
N1	SUK	ราชเทวี	Ratchathewi	t	N1
N2	SUK	พญาไท	Phaya Thai	t	N2
N3	SUK	อนุสาวรีย์ชัยสมรภูมิ	Victory Monument	t	N3
N4	SUK	สนามเป้า	Sanam Pao	t	N4
N5	SUK	อารีย์	Ari	t	N5
N7	SUK	สะพานควาย	Saphan Khwai	t	N7
N8	SUK	หมอชิต	Mo Chit	t	N8
N9	SUK_EXT	ห้าแยกลาดพร้าว	Ha Yaek Lat Phrao	t	N9
N10	SUK_EXT	พหลโยธิน 24	Phahon Yothin 24	t	N10
N11	SUK_EXT	รัชโยธิน	Ratchayothin	t	N11
N12	SUK_EXT	เสนานิคม	Sena Nikhom	t	N12
N13	SUK_EXT	มหาวิทยาลัยเกษตรศาสตร์	Kasetsart University	t	N13
N14	SUK_EXT	กรมป่าไม้	Royal Forest Department	t	N14
N15	SUK_EXT	บางบัว	Bang Bua	t	N15
N16	SUK_EXT	กรมทหารราบที่ 11	11th Infantry Regiment	t	N16
N17	SUK_EXT	วัดพระศรีมหาธาตุ	Wat Phra Sri Mahathat	t	N17
N18	SUK_EXT	พหลโยธิน 59	Phahon Yothin 59	t	N18
N19	SUK_EXT	สายหยุด	Sai Yud	t	N19
N20	SUK_EXT	สะพานใหม่	Saphan Mai	t	N20
N21	SUK_EXT	โรงพยาบาลภูมิพลอดุลยเดช	Bhumibol Adulyadej Hospital	t	N21
N22	SUK_EXT	พิพิธภัณฑ์กองทัพอากาศ	Royal Thai Air Force Museum	t	N22
N23	SUK_EXT	แยก คปอ.	Yaek Kor Por Aor	t	N23
N24	SUK_EXT	คูคต	Khu Khot	t	N24
E1	SUK	ชิดลม	Chit Lom	t	E1
E2	SUK	เพลินจิต	Phloen Chit	t	E2
E3	SUK	นานา	Nana	t	E3
E4	SUK	อโศก	Asok	t	E4
E5	SUK	พร้อมพงษ์	Phrom Phong	t	E5
E6	SUK	ทองหล่อ	Thong Lo	t	E6
E7	SUK	เอกมัย	Ekkamai	t	E7
E8	SUK	พระโขนง	Phra Khanong	t	E8
E9	SUK	อ่อนนุช	On Nut	t	E9
E10	SUK_EXT	บางจาก	Bang Chak	t	E10
E11	SUK_EXT	ปุณณวิถี	Punnawithi	t	E11
E12	SUK_EXT	อุดมสุข	Udom Suk	t	E12
E13	SUK_EXT	บางนา	Bang Na	t	E13
E14	SUK_EXT	แบริ่ง	Bearing	t	E14
E15	SUK_EXT	สำโรง	Samrong	t	E15
E16	SUK_EXT	ปู่เจ้า	Pu Chao	t	E16
E17	SUK_EXT	ช้างเอราวัณ	Chang Erawan	t	E17
E18	SUK_EXT	โรงเรียนนายเรือ	Royal Thai Naval Academy	t	E18
E19	SUK_EXT	ปากน้ำ	Pak Nam	t	E19
E20	SUK_EXT	ศรีนครินทร์	Srinagarindra	t	E20
E21	SUK_EXT	แพรกษา	Phraek Sa	t	E21
E22	SUK_EXT	สายลวด	Sai Luat	t	E22
E23	SUK_EXT	เคหะฯ	Kheha	t	E23
W1	SIL	สนามกีฬาแห่งชาติ	National Stadium	t	W1
S1	SIL	ราชดำริ	Ratchadamri	t	S1
S2	SIL	ศาลาแดง	Sala Daeng	t	S2
S3	SIL	ช่องนนทรี	Chong Nonsi	t	S3
S4	SIL	เซนต์หลุยส์	Saint Louis	t	S4
S5	SIL	สุรศักดิ์	Surasak	t	S5
S6	SIL	สะพานตากสิน	Saphan Taksin	t	S6
S7	SIL	กรุงธนบุรี	Krung Thonburi	t	S7
S8	SIL	วงเวียนใหญ่	Wongwian Yai	t	S8
S9	SIL_EXT	โพธิ์นิมิตร	Pho Nimit	t	S9
S10	SIL_EXT	ตลาดพลู	Talat Phlu	t	S10
S11	SIL_EXT	วุฒากาศ	Wutthakat	t	S11
S12	SIL_EXT	บางหว้า	Bang Wa	t	S12
BL02	BL	จรัญฯ 13	Charan 13	t	BL02
BL03	BL	ไฟฉาย	Fai Chai	t	BL03
BL04	BL	บางขุนนนท์	Bang Khun Non	t	BL04
BL05	BL	บางยี่ขัน	Bang Yi Khan	t	BL05
BL06	BL	สิรินธร	Sirindhorn	t	BL06
BL07	BL	บางพลัด	Bang Phlat	t	BL07
BL08	BL	บางอ้อ	Bang O	t	BL08
BL09	BL	บางโพ	Bang Pho	t	BL09
BL10	BL	เตาปูน	Tao Poon	t	BL10
BL11	BL	บางซื่อ	Bang Sue	t	BL11
BL12	BL	กำแพงเพชร	Kamphaeng Phet	t	BL12
BL13	BL	สวนจตุจักร	Chatuchak Park	t	BL13
BL14	BL	พหลโยธิน	Phahon Yothin	t	BL14
BL15	BL	ลาดพร้าว	Lat Phrao	t	BL15
BL16	BL	รัชดาภิเษก	Ratchadaphisek	t	BL16
BL17	BL	สุทธิสาร	Sutthisan	t	BL17
BL18	BL	ห้วยขวาง	Huai Kwang	t	BL18
BL19	BL	ศุนย์วัฒนธรรมแห่งประเทศไทย	Thailand Cultural Centre	t	BL19
BL20	BL	พระราม 9	Phra Ram 9	t	BL20
BL21	BL	เพชรบุรี	Phetchaburi	t	BL21
BL22	BL	สุขุมวิท	Sukhumvit	t	BL22
BL23	BL	ศูนย์การประชุมแห่งชาติสิริกิติ์	Queen Sirikit National Convention Centre	t	BL23
BL24	BL	คลองเตย	Khlong Toei	t	BL24
BL25	BL	ลุมพินี	Lumphini	t	BL25
BL26	BL	สีลม	Si Lom	t	BL26
BL27	BL	สามย่าน	Sam Yan	t	BL27
BL28	BL	หัวลำโพง	Hua Lamphong	t	BL28
BL29	BL	วัดมังกร	Wat Mangkon	t	BL29
CEN_SIL	SIL	สยาม	Siam	t	CEN
BL01_U	BL	ท่าพระ	Tha Phra	t	BL01
BL30	BL	สามยอด	Sam Yot	t	BL30
BL31	BL	สนามไชย	Sanam Chai	t	BL31
BL32	BL	อิสรภาพ	Itsaraphap	t	BL32
BL33	BL	บางไผ่	Bang Phai	t	BL33
BL34	BL	บางหว้า	Bang Wa	t	BL34
BL35	BL	เพชรเกษม 48	Phetkasem 48	t	BL35
BL36	BL	ภาษีเจริญ	Phasi Charoen	t	BL36
BL37	BL	บางแค	Bang Khae	t	BL37
BL38	BL	หลักสอง	Lak Song	t	BL38
PP03	PP	สามแยกบางใหญ่	Sam Yaek Bang Yai	t	PP03
PP04	PP	บางพลู	Bang Phlu	t	PP04
PP05	PP	บางรักใหญ่	Bang Rak Yai	t	PP05
PP06	PP	บางรักน้อย-ท่าอิฐ	Bang Rak Noi Tha It	t	PP06
PP07	PP	ไทรม้า	Sai Ma	t	PP07
PP08	PP	สะพานพระนั่งเกล้า	Phra Nang Klao Bridge	t	PP08
PP09	PP	แยกนนทบุรี 1	Yaek Nonthaburi 1	t	PP09
PP10	PP	บางกระสอ	Bang Krasor	t	PP10
PP11	PP	ศูนย์ราชการนนทบุรี	Nonthaburi Civic Center	t	PP11
PP12	PP	กระทรวงสาธารณสุข	Ministry of Public Health	t	PP12
PP13	PP	แยกติวานนท์	Yaek Tiwanon	t	PP13
PP14	PP	วงศ์สว่าง	Wong Sawang	t	PP14
PP15	PP	บางซ่อน	Bang Son	t	PP15
PP16	PP	เตาปูน	Tao Poon	t	PP16
A1	ARL	สุวรรณภูมิ	Suvarnabhumi	t	A1
A2	ARL	ลาดกระบัง	Lat Krabang	t	A2
A3	ARL	บ้านทับช้าง	Ban Thap Chang	t	A3
A4	ARL	หัวหมาก	Hua Mak	t	A4
A5	ARL	รามคำแหง	Ramkhamhaeng	t	A5
A6	ARL	มักกะสัน	Makkasan	t	A6
A7	ARL	ราชปรารภ	Ratchaprarop	t	A7
A8	ARL	พญาไท	Phaya Thai	t	A8
RN01	RN	กรุงเทพอภิวัฒน์	Krung Thep Aphiwat	t	RN01
RN02	RN	จตุจักร	Chatuchak	t	RN02
RN03	RN	วัดเสมียนนารี	Wat Samian Nari	t	RN03
RN04	RN	บางเขน	Bang Khen	t	RN04
RN05	RN	ทุ่งสองห้อง	Thung Song Hong	t	RN05
RN06	RN	หลักสี่	Lak Si	t	RN06
RN07	RN	การเคหะ	Kan Kheha	t	RN07
RN08	RN	ดอนเมือง	Don Mueang	t	RN08
RN09	RN	หลักหก	Lak Hok	t	RN09
RN10	RN	รังสิต	Rangsit	t	RN10
RW01	RW	กรุงเทพอภิวัฒน์	Krung Thep Aphiwat	t	RW01
RW02	RW	บางซ่อน	Bang Son	t	RW02
RW05	RW	บางบำหรุ	Bang Bamru	t	RW05
RW06	RW	ตลิ่งชัน	Taling Chan	t	RW06
G1	G	กรุงธนบุรี	Krung Thon Buri	t	G1
G2	G	เจริญนคร	Charoen Nakhon	t	G2
G3	G	คลองสาน	Khlong San	t	G3
PK01	PK	ศูนย์ราชการนนทบุรี	Nonthaburi Civic Center	t	PK01
PK02	PK	แคราย	Khae Rai	t	PK02
PK03	PK	สนามบินน้ำ	Sanambin Nam	t	PK03
PK04	PK	สามัคคี	Samakkhi	t	PK04
PK05	PK	กรมชลประทาน	Royal Irrigation Departmant	t	PK05
PK06	PK	แยกปากเกร็ด 	Yaek Pak Kret	t	PK06
PK07	PK	เลี่ยงเมืองปากเกร็ด	Pak Kret Bypass	t	PK07
PK08	PK	แจ้งวัฒนะ-ปากเกร็ด 28	Chaeng Watthana-Pak Kret 28	t	PK08
PK09	PK	ศรีรัช	Si Rat	t	PK09
PK11	PK	แจ้งวัฒนะ 14	Chaeg Watthana 14	t	PK11
PK12	PK	ศูนย์ราชการเฉลิมพระเกียรติ	Government Complex	t	PK12
PK13	PK	โทรคมนาคมแห่งชาติ	National Telecom	t	PK13
PK14	PK	หลักสี่	Lak Si	t	PK14
PK15	PK	ราชภัฏพระนคร	Rajabhat Phranakhon	t	PK15
PK16	PK	วัดพระศรีมหาธาตุ	Wat Phra Sri Mahathat	t	PK16
PK17	PK	รามอินทรา 3	Ram Inthra 3	t	PK17
PK18	PK	ลาดปลาเค้า	Lat Pla Khao	t	PK18
PK19	PK	รามอินทรา กม.4	Ram Inthra Kor Mor 4	t	PK19
PK20	PK	มัยลาภ	Maiyalap	t	PK20
PK21	PK	วัชรพล	Vacharaphol	t	PK21
PK22	PK	รามอินทรา กม.6	Ram Inthra Kor Mor 6	t	PK22
PK23	PK	คู้บอน	Khu Bon	t	PK23
PK24	PK	รามอินทรา กม.9	Ram Inthra Kor Mor 9	t	PK24
PK25	PK	วงแหวนรามอินทรา	Outer Ring Road-Ram Inthra	t	PK25
PK26	PK	นพรัตน์	Nopparat	t	PK26
PK27	PK	บางชัน	Bang Chan	t	PK27
PK28	PK	เศรษฐบุตรบำเพ็ญ	Setthabutbamphen	t	PK28
PK29	PK	ตลาดมีนบุรี	Min Buri Market	t	PK29
PK30	PK	มีนบุรี	Min Buri	t	PK30
MT01	PK	อิมแพ็ค เมืองทองธานี	Impact Muang Thong Thani	t	MT01
MT02	PK	ทะเลสาบเมืองทองธานี	Lake Muang Thong Thani	t	MT02
YL01	YL	ลาดพร้าว	Lat Phrao	t	YL01
YL02	YL	ภาวนา	Phawana	t	YL02
YL03	YL	โชคชัย 4	Chok Chai 4	t	YL03
YL04	YL	ลาดพร้าว 71	Lat Phrao 71	t	YL04
YL05	YL	ลาดพร้าว 83	Lat Phrao 83	t	YL05
YL06	YL	มหาดไทย	Mahat Thai	t	YL06
YL07	YL	ลาดพร้าว 101	Lat Phrao 101	t	YL07
YL08	YL	บางกะปิ	Bang Kapi	t	YL08
YL09	YL	แยกลำสาลี	Yaek Lam Sali	t	YL09
BL01_L	BL	ท่าพระ	Tha Phra	t	BL01
YL10	YL	ศรีกรีฑา	Si Kritha	t	YL10
YL11	YL	หัวหมาก	Hua Mak	t	YL11
YL12	YL	กลันตัน	Kalantan	t	YL12
YL13	YL	ศรีนุช	Si Nut	t	YL13
YL14	YL	ศรีนครินทร์ 38	Srinagarindra 38	t	YL14
YL15	YL	สนามหลวง ร.9	Suan Luang Rama IX	t	YL15
YL16	YL	ศรีอุดม	Si Udom	t	YL16
YL17	YL	ศรีเอี่ยม	Si lam	t	YL17
YL18	YL	ศรีลาซาล	Si La Salle	t	YL18
YL19	YL	ศรีแบริ่ง	Si Bearing	t	YL19
YL20	YL	ศรีด่าน	Si Dan	t	YL20
YL21	YL	ศรีเทพา	Si Thepha	t	YL21
YL22	YL	ทิพวัล	Thipphawan	t	YL22
YL23	YL	สำโรง	Samrong	t	YL23
N6	SUK	เสนาร่วม	Sena Ruam	f	N6
RW03	RW	สะพานพระราม 6	Rama VI Bridge	f	RW03
RW04	RW	บางกรวย	Bang Kruai	f	RW04
PK10_L	PK	เมืองทองธานี	Muang Thong Thani	t	PK10
PK10_U	PK	เมืองทองธานี	Muang Thong Thani	t	PK10
\.


--
-- Data for Name: station_connection; Type: TABLE DATA; Schema: public; Owner: postgres
--

COPY public.station_connection (source_station_id, target_station_id, travel_time_mins, is_transfer, is_cross_operator) FROM stdin;
CEN_SUK	N1	2	f	f
CEN_SUK	E1	2	f	f
CEN_SUK	CEN_SIL	1	t	f
N1	CEN_SUK	2	f	f
N1	N2	2	f	f
N2	N1	2	f	f
N2	N3	2	f	f
N2	A8	2	t	t
N3	N2	2	f	f
N3	N4	3	f	f
N4	N3	3	f	f
N4	N5	1	f	f
N5	N4	1	f	f
N5	N6	2	f	f
N6	N5	2	f	f
N6	N7	1	f	f
N7	N6	1	f	f
N7	N8	1	f	f
N8	N7	1	f	f
N8	N9	4	f	f
N8	BL13	3	t	t
N9	N8	4	f	f
N9	N10	2	f	f
N9	BL14	5	t	t
N10	N9	2	f	f
N10	N11	1	f	f
N11	N10	1	f	f
N11	N12	2	f	f
N12	N11	2	f	f
N12	N13	1	f	f
N13	N12	1	f	f
N13	N14	2	f	f
N14	N13	2	f	f
N14	N15	1	f	f
N15	N14	1	f	f
N15	N16	2	f	f
N16	N15	2	f	f
N16	N17	2	f	f
N17	N16	2	f	f
N17	N18	2	f	f
N17	PK16	4	t	t
N18	N17	2	f	f
N18	N19	1	f	f
N19	N18	1	f	f
N19	N20	2	f	f
N20	N19	2	f	f
N20	N21	2	f	f
N21	N20	2	f	f
N21	N22	2	f	f
N22	N21	2	f	f
N22	N23	1	f	f
N23	N22	1	f	f
N23	N24	3	f	f
N24	N23	3	f	f
E1	CEN_SUK	2	f	f
E1	E2	2	f	f
E2	E1	2	f	f
E2	E3	2	f	f
E3	E2	2	f	f
E3	E4	2	f	f
E4	E3	2	f	f
E4	E5	2	f	f
E4	BL22	4	t	t
E5	E4	2	f	f
E5	E6	2	f	f
E6	E5	2	f	f
E6	E7	2	f	f
E7	E6	2	f	f
E7	E8	2	f	f
E8	E7	2	f	f
E8	E9	2	f	f
E9	E8	2	f	f
E9	E10	2	f	f
E10	E9	2	f	f
E10	E11	1	f	f
E11	E10	1	f	f
E11	E12	2	f	f
E12	E11	2	f	f
E12	E13	2	f	f
E13	E12	2	f	f
E13	E14	2	f	f
E14	E13	2	f	f
E14	E15	3	f	f
E15	E14	3	f	f
E15	E16	1	f	f
E15	YL23	4	t	t
E16	E15	1	f	f
E16	E17	3	f	f
E17	E16	3	f	f
E17	E18	3	f	f
E18	E17	3	f	f
E18	E19	1	f	f
E19	E18	1	f	f
E19	E20	3	f	f
E20	E19	3	f	f
E20	E21	2	f	f
E21	E20	2	f	f
E21	E22	2	f	f
E22	E21	2	f	f
E22	E23	2	f	f
E23	E22	2	f	f
W1	CEN_SIL	1	f	f
CEN_SIL	W1	1	f	f
CEN_SIL	S1	3	f	f
CEN_SIL	CEN_SUK	1	t	f
S1	CEN_SIL	3	f	f
S1	S2	3	f	f
S2	S1	3	f	f
S2	S3	2	f	f
S2	BL26	4	t	t
S3	S2	2	f	f
S3	S4	2	f	f
S4	S3	2	f	f
S4	S5	1	f	f
S5	S4	1	f	f
S5	S6	2	f	f
S6	S5	2	f	f
S6	S7	3	f	f
S7	S6	3	f	f
S7	S8	1	f	f
S8	S7	1	f	f
S8	S9	2	f	f
S9	S8	2	f	f
S9	S10	2	f	f
S10	S9	2	f	f
S10	S11	2	f	f
S11	S10	2	f	f
S11	S12	2	f	f
S12	S11	2	f	f
S12	BL34	2	t	t
BL01_U	BL02	2	f	f
BL01_U	BL01_L	1	t	f
BL02	BL01_U	2	f	f
BL02	BL03	2	f	f
BL03	BL02	2	f	f
BL03	BL04	2	f	f
BL04	BL03	2	f	f
BL04	BL05	3	f	f
BL05	BL04	3	f	f
BL05	BL06	2	f	f
BL06	BL05	2	f	f
BL06	BL07	2	f	f
BL07	BL06	2	f	f
BL07	BL08	2	f	f
BL08	BL07	2	f	f
BL08	BL09	2	f	f
BL09	BL08	2	f	f
BL09	BL10	2	f	f
BL10	BL09	2	f	f
BL10	BL11	2	f	f
BL10	PP16	1	t	f
BL11	BL10	2	f	f
BL11	BL12	2	f	f
BL11	RN01	3	t	t
BL11	RW01	3	t	t
BL12	BL11	2	f	f
BL12	BL13	2	f	f
BL13	BL12	2	f	f
BL13	BL14	3	f	f
BL13	N8	3	t	t
BL14	BL13	3	f	f
BL14	BL15	2	f	f
BL15	BL14	2	f	f
BL15	BL16	2	f	f
BL15	YL01	4	t	t
BL16	BL15	2	f	f
BL16	BL17	2	f	f
BL17	BL16	2	f	f
BL17	BL18	2	f	f
BL18	BL17	2	f	f
BL18	BL19	2	f	f
BL19	BL18	2	f	f
BL19	BL20	3	f	f
BL20	BL19	3	f	f
BL20	BL21	1	f	f
BL21	BL20	1	f	f
BL21	BL22	2	f	f
BL21	A6	3	t	t
BL22	BL21	2	f	f
BL22	BL23	3	f	f
BL22	E4	4	t	t
BL23	BL22	3	f	f
BL23	BL24	2	f	f
BL24	BL23	2	f	f
BL24	BL25	2	f	f
BL25	BL24	2	f	f
BL25	BL26	1	f	f
BL26	BL25	1	f	f
BL26	BL27	2	f	f
BL26	S2	4	t	t
BL27	BL26	2	f	f
BL27	BL28	2	f	f
BL28	BL27	2	f	f
BL28	BL29	2	f	f
BL29	BL28	2	f	f
BL29	BL30	2	f	f
BL30	BL29	2	f	f
BL30	BL31	2	f	f
BL31	BL30	2	f	f
BL31	BL32	2	f	f
BL32	BL31	2	f	f
BL32	BL01_L	3	f	f
BL01_L	BL32	3	f	f
BL01_L	BL33	1	f	f
BL01_L	BL01_U	1	t	f
BL33	BL01_L	1	f	f
BL33	BL34	2	f	f
BL34	BL33	2	f	f
BL34	BL35	2	f	f
BL34	S12	2	t	t
BL35	BL34	2	f	f
BL35	BL36	2	f	f
BL36	BL35	2	f	f
BL36	BL37	2	f	f
BL37	BL36	2	f	f
BL37	BL38	2	f	f
BL38	BL37	2	f	f
PP01	PP02	2	f	f
PP02	PP01	2	f	f
PP02	PP03	3	f	f
PP03	PP02	3	f	f
PP03	PP04	2	f	f
PP04	PP03	2	f	f
PP04	PP05	2	f	f
PP05	PP04	2	f	f
PP05	PP06	3	f	f
PP06	PP05	3	f	f
PP06	PP07	2	f	f
PP07	PP06	2	f	f
PP07	PP08	2	f	f
PP08	PP07	2	f	f
PP08	PP09	3	f	f
PP09	PP08	3	f	f
PP09	PP10	2	f	f
PP10	PP09	2	f	f
PP10	PP11	2	f	f
PP11	PP10	2	f	f
PP11	PP12	4	f	f
PP11	PK01	5	t	t
PP12	PP11	4	f	f
PP12	PP13	2	f	f
PP13	PP12	2	f	f
PP13	PP14	3	f	f
PP14	PP13	3	f	f
PP14	PP15	3	f	f
PP15	PP14	3	f	f
PP15	PP16	2	f	f
PP15	RW02	3	t	t
PP16	PP15	2	f	f
PP16	BL10	1	t	f
A1	A2	5	f	f
A2	A1	5	f	f
A2	A3	5	f	f
A3	A2	5	f	f
A3	A4	4	f	f
A4	A3	4	f	f
A4	A5	4	f	f
A4	YL11	4	t	t
A5	A4	4	f	f
A5	A6	4	f	f
A6	A5	4	f	f
A6	A7	3	f	f
A6	BL21	3	t	t
A7	A6	3	f	f
A7	A8	1	f	f
A8	A7	1	f	f
A8	N2	2	t	t
RN01	RN02	3	f	f
RN01	RW01	2	t	f
RN01	BL11	2	t	t
RN02	RN01	3	f	f
RN02	RN03	2	f	f
RN03	RN02	2	f	f
RN03	RN04	2	f	f
RN04	RN03	2	f	f
RN04	RN05	2	f	f
RN05	RN04	2	f	f
RN05	RN06	3	f	f
RN06	RN05	3	f	f
RN06	RN07	2	f	f
RN06	PK14	6	t	t
RN07	RN06	2	f	f
RN07	RN08	2	f	f
RN08	RN07	2	f	f
RN08	RN09	4	f	f
RN09	RN08	4	f	f
RN09	RN10	3	f	f
RN10	RN09	3	f	f
RW01	RW02	4	f	f
RW01	RN01	2	t	f
RW01	BL11	2	t	t
RW02	RW01	4	f	f
RW02	RW03	2	f	f
RW02	PP15	3	t	t
RW03	RW02	2	f	f
RW03	RW04	2	f	f
RW04	RW03	2	f	f
RW04	RW05	3	f	f
RW05	RW04	3	f	f
RW05	RW06	5	f	f
RW06	RW05	5	f	f
G1	S7	3	t	t
G1	G2	4	f	f
G2	G1	4	f	f
G2	G3	2	f	f
G3	G2	2	f	f
PK01	PK02	2	f	f
PK01	PP11	5	t	t
PK02	PK01	2	f	f
PK02	PK03	2	f	f
PK03	PK02	2	f	f
PK03	PP04	2	f	f
PK04	PK03	2	f	f
PK04	PK05	2	f	f
PK05	PK04	2	f	f
PK05	PK06	2	f	f
PK06	PK05	2	f	f
PK06	PK07	2	f	f
PK07	PK06	2	f	f
PK07	PK08	2	f	f
PK08	PK07	2	f	f
PK08	PK09	2	f	f
PK09	PK08	2	f	f
PK09	PK10_L	3	f	f
PK10_L	PK09	3	f	f
PK10_L	PK11	2	f	f
PK10_L	PK10_U	1	t	f
PK10_U	MT01	4	f	f
PK10_U	PK10_L	1	t	f
PK11	PK10_L	2	f	f
PK11	PK12	2	f	f
PK12	PK11	2	f	f
PK12	PK13	2	f	f
PK13	PK12	2	f	f
PK13	PK14	2	f	f
PK14	PK13	2	f	f
PK14	PK15	1	f	f
PK14	RN06	6	t	t
PK15	PK14	1	f	f
PK15	PK16	2	f	f
PK16	PK15	2	f	f
PK16	PK17	2	f	f
PK16	N17	4	t	t
PK17	PK16	2	f	f
PK17	PK18	2	f	f
PK18	PK17	2	f	f
PK18	PK19	2	f	f
PK19	PK18	2	f	f
PK19	PK20	2	f	f
PK20	PK19	2	f	f
PK20	PK21	2	f	f
PK21	PK20	2	f	f
PK21	PK22	2	f	f
PK22	PK21	2	f	f
PK22	PK23	2	f	f
PK23	PK22	2	f	f
PK23	PK24	2	f	f
PK24	PK23	2	f	f
PK24	PK25	2	f	f
PK25	PK24	2	f	f
PK25	PK26	2	f	f
PK26	PK25	2	f	f
PK26	PK27	3	f	f
PK27	PK26	3	f	f
PK27	PK28	2	f	f
PK28	PK27	2	f	f
PK28	PK29	2	f	f
PK29	PK28	2	f	f
PK29	PK30	2	f	f
PK30	PK29	2	f	f
MT01	MT02	2	f	f
MT01	PK10_U	4	t	t
MT02	MT01	2	f	f
YL01	YL02	2	f	f
YL01	BL15	4	t	t
YL02	YL01	2	f	f
YL02	YL03	2	f	f
YL03	YL02	2	f	f
YL03	YL04	2	f	f
YL04	YL03	2	f	f
YL04	YL05	2	f	f
YL05	YL04	2	f	f
YL05	YL06	2	f	f
YL06	YL05	2	f	f
YL06	YL07	1	f	f
YL07	YL06	1	f	f
YL07	YL08	2	f	f
YL08	YL07	2	f	f
YL08	YL09	3	f	f
YL09	YL08	3	f	f
YL09	YL10	2	f	f
YL10	YL09	2	f	f
YL10	YL11	3	f	f
YL11	YL10	3	f	f
YL11	YL12	2	f	f
YL11	A4	4	t	t
YL12	YL11	2	f	f
YL12	YL13	2	f	f
YL13	YL12	2	f	f
YL13	YL14	2	f	f
YL14	YL13	2	f	f
YL14	YL15	2	f	f
YL15	YL14	2	f	f
YL15	YL16	2	f	f
YL16	YL15	2	f	f
YL16	YL17	2	f	f
YL17	YL16	2	f	f
YL17	YL18	2	f	f
YL18	YL17	2	f	f
YL18	YL19	2	f	f
YL19	YL18	2	f	f
YL19	YL20	2	f	f
YL20	YL19	2	f	f
YL20	YL21	2	f	f
YL21	YL20	2	f	f
YL21	YL22	2	f	f
YL22	YL21	2	f	f
YL22	YL23	2	f	f
YL23	YL22	2	f	f
YL23	E15	4	t	t
\.


--
-- Name: distance_fare distance_fare_pkey; Type: CONSTRAINT; Schema: public; Owner: postgres
--

ALTER TABLE ONLY public.distance_fare
    ADD CONSTRAINT distance_fare_pkey PRIMARY KEY (source_station_id, target_station_id);


--
-- Name: hop_fare hop_fare_pkey; Type: CONSTRAINT; Schema: public; Owner: postgres
--

ALTER TABLE ONLY public.hop_fare
    ADD CONSTRAINT hop_fare_pkey PRIMARY KEY (operator);


--
-- Name: line line_pkey; Type: CONSTRAINT; Schema: public; Owner: postgres
--

ALTER TABLE ONLY public.line
    ADD CONSTRAINT line_pkey PRIMARY KEY (line_id);


--
-- Name: station_connection station_connection_pkey; Type: CONSTRAINT; Schema: public; Owner: postgres
--

ALTER TABLE ONLY public.station_connection
    ADD CONSTRAINT station_connection_pkey PRIMARY KEY (source_station_id, target_station_id);


--
-- Name: station station_pkey; Type: CONSTRAINT; Schema: public; Owner: postgres
--

ALTER TABLE ONLY public.station
    ADD CONSTRAINT station_pkey PRIMARY KEY (station_id);


--
-- Name: distance_fare distance_fare_source_station_id_fkey; Type: FK CONSTRAINT; Schema: public; Owner: postgres
--

ALTER TABLE ONLY public.distance_fare
    ADD CONSTRAINT distance_fare_source_station_id_fkey FOREIGN KEY (source_station_id) REFERENCES public.station(station_id);


--
-- Name: distance_fare distance_fare_target_station_id_fkey; Type: FK CONSTRAINT; Schema: public; Owner: postgres
--

ALTER TABLE ONLY public.distance_fare
    ADD CONSTRAINT distance_fare_target_station_id_fkey FOREIGN KEY (target_station_id) REFERENCES public.station(station_id);


--
-- Name: line operator; Type: FK CONSTRAINT; Schema: public; Owner: postgres
--

ALTER TABLE ONLY public.line
    ADD CONSTRAINT operator FOREIGN KEY (operator) REFERENCES public.hop_fare(operator);


--
-- Name: station_connection station_connection_source_station_id_fkey; Type: FK CONSTRAINT; Schema: public; Owner: postgres
--

ALTER TABLE ONLY public.station_connection
    ADD CONSTRAINT station_connection_source_station_id_fkey FOREIGN KEY (source_station_id) REFERENCES public.station(station_id);


--
-- Name: station_connection station_connection_target_station_id_fkey; Type: FK CONSTRAINT; Schema: public; Owner: postgres
--

ALTER TABLE ONLY public.station_connection
    ADD CONSTRAINT station_connection_target_station_id_fkey FOREIGN KEY (target_station_id) REFERENCES public.station(station_id);


--
-- Name: station station_line_id_fkey; Type: FK CONSTRAINT; Schema: public; Owner: postgres
--

ALTER TABLE ONLY public.station
    ADD CONSTRAINT station_line_id_fkey FOREIGN KEY (line_id) REFERENCES public.line(line_id);


--
-- PostgreSQL database dump complete
--

\unrestrict n69lGO8aXBMH5P542c0dkCLOnmDvvsFKcgfWqcKwsK2Q2T0TErxDCZmlZXgpjyC

